,team_1,team_2,goals_1,goals_2,winner,location
0,Morocco,Canada,3.1571252994844894,0.594867182820093,Morocco,US
1,France,Paraguay,2.863061279681685,2.820593475801746,France,US
2,Brazil,Norway,2.254212648023034,2.6238088813895577,Norway,US
3,Mexico,England,1.5856431697918218,1.5830226633409235,Mexico,MX
4,Spain,Portugal,1.790871740430015,0.7574752779332703,Spain,US
5,USA,Belgium,1.6637985670937983,1.6273970763696186,USA,US
6,Argentina,Egypt,1.9882174960402268,0.33049792634440944,Argentina,US
7,Colombia,Switzerland,0.5064350158594316,2.1464445794339833,Switzerland,CA
