,team_1,team_2,goals_1,goals_2,winner,location
0,France,Spain,1.683411970685339,1.5270445015762268,France,US
1,England,Argentina,1.5571780032618399,1.6298772658714125,Argentina,US
