,team_1,team_2,goals_1,goals_2,winner,location
0,Morocco,Canada,3.5224941422803893,0.43804294659229404,Morocco,US
1,France,Paraguay,3.6970628361756415,1.5006172831295699,France,US
2,Brazil,Norway,2.535610175566951,2.3334269001800334,Brazil,US
3,Mexico,England,1.2277896155619301,2.195063441549662,England,MX
4,Spain,Portugal,1.7131219337328452,0.6274413895794386,Spain,US
5,USA,Belgium,1.3590285840449758,1.6014473171358947,Belgium,US
6,Argentina,Egypt,3.3891283009825304,0.1803313369178569,Argentina,US
7,Colombia,Switzerland,0.4375786012191044,1.9163408202538486,Switzerland,CA
