,team_1,team_2,goals_1,goals_2,winner,location
0,Morocco,France,0.9585942019642489,3.5474499939723683,France,US
1,Spain,Belgium,2.119642738057576,0.631309160357724,Spain,US
2,Norway,England,2.5120202874689928,2.877479428842956,England,US
3,Argentina,Switzerland,1.63337492656692,0.8238219256842602,Argentina,US
