,team_1,team_2,goals_1,goals_2,winner,location
0,Morocco,Canada,3.529747607932275,0.43780370498929366,Morocco,US
1,France,Paraguay,3.69623923975017,1.5045411323010778,France,US
2,Brazil,Norway,2.535713773754358,2.3333109886214505,Brazil,US
3,Mexico,England,1.2269610115998877,2.195084875422437,England,MX
4,Spain,Portugal,1.7120338757446383,0.6276002194227106,Spain,US
5,USA,Belgium,1.3596491854794766,1.6014130419010966,Belgium,US
6,Argentina,Egypt,3.3888970705179435,0.18050168576309994,Argentina,US
7,Colombia,Switzerland,0.43783057719468765,1.9164603134355829,Switzerland,CA
