,team_1,team_2,goals_1,goals_2,winner,location
0,Morocco,France,0.958652866387608,3.547071935151137,France,US
1,Spain,Belgium,2.121085042585653,0.6312938434598887,Spain,US
2,Norway,England,2.511857573648616,2.8783096326831092,England,US
3,Argentina,Switzerland,1.6332732934548988,0.8240593616606662,Argentina,US
