,team_1,team_2,goals_1,goals_2,winner,location
0,Morocco,Canada,3.1500863378956483,0.5950574689698261,Morocco,US
1,France,Paraguay,2.863607799826534,2.8136775795438336,France,US
2,Brazil,Norway,2.2544556973605743,2.623904288423802,Norway,US
3,Mexico,England,1.5868254950826304,1.5841964661854644,Mexico,MX
4,Spain,Portugal,1.7920511141150244,0.7572002324739909,Spain,US
5,USA,Belgium,1.6630711444625517,1.6274131116545234,USA,US
6,Argentina,Egypt,1.9865596288708045,0.3303854596480074,Argentina,US
7,Colombia,Switzerland,0.5062007371656692,2.1463769182444024,Switzerland,CA
