,team_1,team_2,goals_1,goals_2,winner,location
0,Morocco,France,1.3047016131243334,3.4398114704323657,France,US
1,Spain,Belgium,1.8679816368226176,0.9188444301815804,Spain,US
2,Norway,England,2.815931861037247,2.3188891006096752,Norway,US
3,Argentina,Switzerland,1.5069045365335407,1.0907436026171708,Argentina,US
