,team_1,team_2,goals_1,goals_2,winner,location
0,Morocco,France,1.304781458764577,3.4394448828632727,France,US
1,Spain,Belgium,1.8692526993110172,0.9188221370688752,Spain,US
2,Norway,England,2.8157494616221963,2.319558141234925,Norway,US
3,Argentina,Switzerland,1.5068107727594826,1.0910579688220772,Argentina,US
