,team_1,team_2,goals_1,goals_2,winner,location
0,France,Spain,2.106357223443251,1.7045690827291693,France,US
1,England,Argentina,1.3996302092681872,1.8422454965003974,Argentina,US
