,team_1,team_2,goals_1,goals_2,winner,location
0,Morocco,Canada,3.156572947136,0.5947324722911644,Morocco,US
1,France,Paraguay,2.862969872571197,2.8210348494910105,France,US
2,Brazil,Norway,2.2545478083349213,2.6237739475780613,Norway,US
3,Mexico,England,1.5857545869436218,1.5842119351987347,Mexico,MX
4,Spain,Portugal,1.790912925704968,0.7573919093321752,Spain,US
5,USA,Belgium,1.6638305871630565,1.6273782806826151,USA,US
6,Argentina,Egypt,1.9864240916278564,0.33069755616155877,Argentina,US
7,Colombia,Switzerland,0.5064922286239647,2.1465107552970037,Switzerland,CA
